{
    "Flip Flop Generic": {
        "train_losses": [
            0.38504641130566597,
            0.3605826534330845,
            0.3557344451546669,
            0.35217128321528435,
            0.3505767695605755
        ],
        "val_losses": [
            0.37752100825309753,
            0.357028067111969,
            0.35003983974456787,
            0.34975746273994446,
            0.3495183289051056
        ],
        "min_train_loss": {
            "epoch": 4,
            "value": 0.3505767695605755
        },
        "min_val_loss": {
            "epoch": 4,
            "value": 0.3495183289051056
        },
        "time": 2.551457643508911,
        "num_params": 8641
    },
    "Flip Flop Hebbian": {
        "train_losses": [
            0.567049004137516,
            0.3801812641322613,
            0.3633175566792488,
            0.3694125823676586,
            0.35717279836535454
        ],
        "val_losses": [
            0.42734964191913605,
            0.3549799621105194,
            0.37218645215034485,
            0.3613961637020111,
            0.35451099276542664
        ],
        "min_train_loss": {
            "epoch": 4,
            "value": 0.35717279836535454
        },
        "min_val_loss": {
            "epoch": 4,
            "value": 0.35451099276542664
        },
        "time": 5.087140798568726,
        "num_params": 8769
    },
    "Flip Flop STDP": {
        "train_losses": [
            0.4971880093216896,
            0.36658886447548866,
            0.3791118934750557,
            0.35832586139440536,
            0.36041393503546715
        ],
        "val_losses": [
            0.36307641863822937,
            0.38409554958343506,
            0.36225423216819763,
            0.3587874621152878,
            0.35798321664333344
        ],
        "min_train_loss": {
            "epoch": 3,
            "value": 0.35832586139440536
        },
        "min_val_loss": {
            "epoch": 4,
            "value": 0.35798321664333344
        },
        "time": 11.246604442596436,
        "num_params": 8769
    }
}